tweets,id,len,date,source,likes,retweets,sentiment
"Women should be able to share a room with their üë∂ from birth, breastfeed and hold their babies skin-to-skin ‚Äì even‚Ä¶ https://t.co/mOgysJcGVt",1401524366509289474,139,2021-06-06 13:00:22,Twitter Web App,127,47,1
"Having #COVID19 should not prevent you from having close contact with your baby.üë∂ 

Early and exclusive breastfeedi‚Ä¶ https://t.co/ppHt8fI4YO",1401496785500180482,140,2021-06-06 11:10:46,Twitter Web App,277,77,1
"Partners and other family members can help provide kangaroo care to babies üë∂ born early or small, which is especial‚Ä¶ https://t.co/cpCuOplH4q",1401463968791683073,140,2021-06-06 09:00:22,Twitter Web App,337,85,-1
"Kangaroo mother care has many benefits in addition to improved survival:

‚úÖ It reduces infections and hypothermia
‚úÖ‚Ä¶ https://t.co/KP9qqUHI5d",1401439824725393410,140,2021-06-06 07:24:26,Twitter Web App,271,70,1
"Stop using taxpayers‚Äô money to fund pollution.

It‚Äòs time to stop paying the pollution bill, both through our pocke‚Ä¶ https://t.co/DU3xeQdugH",1401216066093826052,140,2021-06-05 16:35:18,Twitter Web App,155,41,0
"Build healthy, liveable cities üèôÔ∏è.

Public transport, walking and cycling bring major health benefits through reduc‚Ä¶ https://t.co/EhDOUwPWdV",1401203597300355080,140,2021-06-05 15:45:45,Twitter Web App,253,60,1
"Promote healthy, sustainable food systems.

Meeting WHO‚Äôs dietary guidelines would save millions of lives worldwide‚Ä¶ https://t.co/jCdj5ukIKm",1401173512690323457,140,2021-06-05 13:46:12,Twitter Web App,161,33,1
"Ensure a quick healthy energy transition.

More than 90% of people breathe outdoor air with pollution levels that e‚Ä¶ https://t.co/Xk97bmb2qj",1401166405089779719,140,2021-06-05 13:17:58,Twitter Web App,187,62,1
"Invest in essential services, from water &amp; sanitation to clean energy in healthcare facilities.

Around the üåçüåéüåè, bi‚Ä¶ https://t.co/8eVQU6bBJ8",1401153953631510528,144,2021-06-05 12:28:29,Twitter Web App,132,38,1
"Nature is the foundation of physical &amp; mental health.

Protecting &amp; restoring nature is üóùÔ∏è to a green recovery.

üëâ‚Ä¶ https://t.co/AI99PnO0Eg",1401135250206507012,147,2021-06-05 11:14:10,Twitter Web App,172,52,-1
"Today is #WorldEnvironmentDay !

Safeguarding &amp; restoring ecosystems globally will help boost greener &amp; healthier r‚Ä¶ https://t.co/lCsRrvG58K",1401101649217789956,148,2021-06-05 09:00:39,Twitter Web App,1283,484,0
"The newly established WHO-@IUCN Expert Working Group on Biodiversity, Climate, One Health &amp; Nature-based Solutions‚Ä¶ https://t.co/btj84RoMgp",1400836052219305998,143,2021-06-04 15:25:15,Twitter Web App,112,42,1
"The health of people üë•, animals üêÆ and the planet üåê is closely interlinked.

Throughout the @UN Decade on Ecosystem‚Ä¶ https://t.co/ZeMT8gjhUV",1400831476925702144,139,2021-06-04 15:07:04,Twitter Web App,183,69,0
"""A sufficient consensus on the role and functions of WHO will be among the first steps for moving towards the theor‚Ä¶ https://t.co/LQTKVpW8OM",1400828108043849728,140,2021-06-04 14:53:41,Twitter Web App,198,52,1
"""The [#COVID19] pandemic may have gloomed the world but WHO guidance to respond with scientific evidence, technical‚Ä¶ https://t.co/eROCdrD2w2",1400827226023772166,140,2021-06-04 14:50:11,Twitter Web App,207,47,0
"Ecosystem restoration can contribute to supporting health &amp; well-being by:

‚úÖ helping to regulate infectious diseas‚Ä¶ https://t.co/5Kzao5DJl4",1400820759501619208,144,2021-06-04 14:24:29,Twitter Web App,113,35,1
"How are food systems and health linked?

5‚É£Zoonosis &amp; Antimicrobial Resistance
Common practices in agriculture like‚Ä¶ https://t.co/IcPnA6nuRc",1400816571463913479,144,2021-06-04 14:07:51,Twitter Web App,131,43,-1
"4‚É£ Occupational hazards
People who formally or informally work in the food system (from üöú to üçΩÔ∏è) may face risks to‚Ä¶ https://t.co/hq2OpWKhXU",1400802511368376325,139,2021-06-04 13:11:59,Twitter Web App,201,44,0
"Ahead of #WorldEnvironmentDay tomorrow, WHO is proud to join #GenerationRestoration with the @UN, @FAO, @UNEP &amp; par‚Ä¶ https://t.co/ySjzb4LDoI",1400792947814195202,144,2021-06-04 12:33:58,Twitter Web App,492,157,1
"How are food systems and health linked?

3‚É£ Environmental contamination
Practices used to
üå± grow
üè≠ produce
üöõ transp‚Ä¶ https://t.co/CjPXgj5ahW",1400785316609511428,140,2021-06-04 12:03:39,Twitter Web App,156,58,0
"How are food systems and health linked?

2‚É£ Food Safety
Every year, unsafe food containing harmful bacteria, viruse‚Ä¶ https://t.co/PlRwPXonWg",1400771189895802880,140,2021-06-04 11:07:31,Twitter Web App,147,50,0
"Food systems are more than what we eat!
Our relationship to food ü•ó spans society, politics, culture, jobs, faith, c‚Ä¶ https://t.co/mL3JpCOpfO",1400758706946678789,140,2021-06-04 10:17:55,Twitter Web App,191,58,1
"How are food systems and health linked?

1‚É£Unhealthy diets and food insecurity
Diseases caused by either a lack of‚Ä¶ https://t.co/1MOE72Zqvq",1400746584149725191,139,2021-06-04 09:29:44,Twitter Web App,155,49,-1
"Promoting healthy, sustainable food systems is part of WHO‚Äôs prescription for healthy recovery from #COVID19 and de‚Ä¶ https://t.co/Uwuo2hNlB2",1400735524181118982,140,2021-06-04 08:45:48,Twitter Web App,739,261,1
"By keeping mothers &amp; babies together at Special Mother-Newborn Intensive Care Units, üë© mothers can provide continuo‚Ä¶ https://t.co/liKSaMoPHi",1400728526999916544,144,2021-06-04 08:17:59,Twitter Web App,400,89,1
"WHO is continuing to follow the evolution of the #COVID19 virus and its variants, and provides updates regularly üëâ‚Ä¶ https://t.co/Wzt5jQyuEs",1400570107550654465,139,2021-06-03 21:48:29,Twitter Web App,178,70,0
RT @DrTedros: Very appreciative of @POTUS' announcement that üá∫üá∏ will share an initial 19M #COVID19 vax doses via #COVAX to protect those mo‚Ä¶,1400496880346353670,140,2021-06-03 16:57:30,Twitter Web App,0,218,1
"RT @DrTedros: A #PandemicTreaty would:
-foster improved sharing, trust &amp; accountability
-provide the foundation on which to build other mec‚Ä¶",1400496866232520709,144,2021-06-03 16:57:27,Twitter Web App,0,114,-1
"RT @DrTedros: A #PandemicTreaty would:
-foster improved sharing, trust &amp; accountability
-provide the foundation on which to build other mec‚Ä¶",1400496795709587457,144,2021-06-03 16:57:10,Twitter Web App,0,26,-1
"RT @DrTedros: I asked @G7 Health Ministers to:
1. Support reaching our #VaccinEquity targets for September (at least 10% coverage in every‚Ä¶",1400496771122581510,139,2021-06-03 16:57:04,Twitter Web App,0,45,-1
"RT @DrTedros: Inequitable vaccine distribution means that üåç, we have allowed #COVID19 to continue spreading, increasing the chances of a va‚Ä¶",1400496763191148550,140,2021-06-03 16:57:02,Twitter Web App,0,36,0
"RT @DrTedros: Thanks, üá¨üáß Secretary @MattHancock, for inviting me to join the @G7 Health Ministers Meeting. We‚Äôre encouraged that #COVID19 c‚Ä¶",1400496745910579205,140,2021-06-03 16:56:58,Twitter Web App,0,85,1
Live Q&amp;A on SinoVac &amp; other #COVID19 vaccines with Dr @Kate_L_OBrien &amp; Dr Alejandro Cravioto! #AskWHO https://t.co/PqYZV7Vr98,1400483680422752256,137,2021-06-03 16:05:03,Periscope,270,88,1
Cycling contributes to health-related @GlobalGoalsUN by promoting healthy and non-air-polluting lifestyles.‚Ä¶ https://t.co/pd7IfbkhiV,1400481324914384904,132,2021-06-03 15:55:42,Twitter Web App,169,55,1
"For many women and girls, cycling üö≤ is more than a sport or hobby. It means

‚úÖ access to water
‚úÖ access to jobs
‚úÖ a‚Ä¶ https://t.co/EP0A4cTCsg",1400469936569421825,140,2021-06-03 15:10:27,Twitter Web App,328,110,1
"Low-speed streets make it safe to cycle üö≤ ‚Äì benefiting both people ‚ù§Ô∏è and the planet üå≥.

Let's make cycling safe by‚Ä¶ https://t.co/eWUVIrOsbV",1400463178908114948,140,2021-06-03 14:43:35,Twitter Web App,288,76,1
"RT @WHOAFRO: #SmokeFreeNollywood is the movement calling for a complete ban of tobacco use in films ‚Äì spearheaded by @CAPPAfrica. üö≠üé•üö≠üì∫

Nol‚Ä¶",1400454624901881865,140,2021-06-03 14:09:36,Twitter Web App,0,55,1
"It is #WorldBicycleDay!

Cycling is good for your health. It helps

üö≤ to prevent heart disease, stroke, diabetes &amp;‚Ä¶ https://t.co/AXzWyW19Gv",1400453274323456000,143,2021-06-03 14:04:14,Twitter Web App,1362,545,1
"#AskWHO Live Q&amp;A with Dr @Kate_L_OBrien &amp; Dr Alejandro Cravioto! 

üóìÔ∏è Today at 6pm CEST
üì∫ WHO Twitter, Facebook, Li‚Ä¶ https://t.co/2lKZjGZWWn",1400408379084918789,148,2021-06-03 11:05:50,Twitter Web App,164,43,1
RT @WHO: LIVE #AskWHO with @DrMikeRyan &amp; Dr @mvankerkhove about #COVID19 epi situation &amp; variants https://t.co/s5mo3KzlEo,1400396075815641091,129,2021-06-03 10:16:57,Twitter Web App,0,140,1
RT @WHOAFRO: Join today's WHO AFRO press briefing on the #COVID19 pandemic &amp; treatment in #Africa. Dr Matshidiso Moeti is joined by experts‚Ä¶,1400392908184952835,144,2021-06-03 10:04:22,Twitter Web App,0,48,0
"Praise is powerful.

Try praising your child or teenager for something they have done well.
Do it in a genuine way.‚Ä¶ https://t.co/fim4DyeJOM",1400371613242175490,140,2021-06-03 08:39:44,Twitter Web App,399,126,1
"Catch bad behaviour early and redirect your kids' attention from a bad to a good behaviour.

Clear, positive instru‚Ä¶ https://t.co/wYnaFP8y4Y",1400344579749126144,140,2021-06-03 06:52:19,Twitter Web App,260,79,-1
"RT @DrTedros: The #COVAX AMC Summit event, hosted by #Japan üáØüáµ &amp; @gavi, raised $2.4 billion &amp; over 54M vaccine doses for sharing with lower‚Ä¶",1400185445984649217,148,2021-06-02 20:19:59,Twitter Web App,0,101,0
RT @WHOAFRO: Don't miss our @WHOAFRO press briefing on the #COVID19 pandemic &amp; treatment in #Africa. Dr @MoetiTshidi will be joined by expe‚Ä¶,1400156091967750156,144,2021-06-02 18:23:20,Twitter for iPhone,0,61,0
"RT @DrTedros: Congratulations, @DrPatrickAmoth, @MOH_Kenya Director-General for Health, for being elected as the new @WHO Executive Board c‚Ä¶",1400135108871524356,140,2021-06-02 16:59:57,Twitter Web App,0,208,1
RT @DrTedros: Investing in #COVAX is not charity. It‚Äôs the best investment for ending the #COVID19 pandemic quickly and driving a truly glo‚Ä¶,1400135095390982149,140,2021-06-02 16:59:54,Twitter Web App,0,81,1
"RT @DrTedros: To vaccinate at least 10% of people in every country by September &amp; at least 30% by the end of the year, we need doses to be‚Ä¶",1400135083265306631,143,2021-06-02 16:59:51,Twitter Web App,0,56,-1
"RT @DrTedros: Arigato gozaimasu, #Japan and Prime Minister @sugawitter for hosting the #COVAX AMC summit, pledging $800M &amp; for committing t‚Ä¶",1400135077145853953,144,2021-06-02 16:59:50,Twitter Web App,0,68,0
LIVE #AskWHO with @DrMikeRyan &amp; Dr @mvankerkhove about #COVID19 epi situation &amp; variants https://t.co/s5mo3KzlEo,1400108804956557317,120,2021-06-02 15:15:26,Periscope,346,140,1
"Young people around the üåéüåçüåç have been at the forefront, helping achieve safe blood supplies through voluntary, unpa‚Ä¶ https://t.co/WtXuJ56TZ3",1400092299179216896,140,2021-06-02 14:09:51,Twitter Web App,167,54,1
"""The [#COVID19] pandemic made it more than evident that a strong Primary Health Care system is a crucial element of‚Ä¶ https://t.co/BLwyGSbFxS",1400070264503816199,140,2021-06-02 12:42:17,Twitter Web App,80,30,1
"""More than three decades after the Alma-Ata Declaration on Primary Health Care back in 1978, inequity in access to‚Ä¶ https://t.co/RRbaEf9nuX",1400070234288046080,139,2021-06-02 12:42:10,Twitter Web App,67,26,1
"""We fully support the proposal voiced by @DrTedros, aimed at reforming the WHO &amp; making it a stronger, more effecti‚Ä¶ https://t.co/f1ZmjET6He",1400070203799703558,144,2021-06-02 12:42:03,Twitter Web App,224,58,1
"#AskWHO Live Q&amp;A with @DrMikeRyan &amp; Dr @mvankerkhove:

üóìÔ∏è Today at 5pm CEST
üì∫ WHO Twitter, Facebook, LinkedIn &amp; You‚Ä¶ https://t.co/lWV26UTyTt",1400068202848296961,152,2021-06-02 12:34:06,Twitter Web App,185,73,1
"""Countries with the highest #COVID19 vaccination coverage are now seeing a significant decline in cases &amp; deaths. I‚Ä¶ https://t.co/critwum8eG",1400053614484365314,144,2021-06-02 11:36:08,Twitter Web App,130,48,1
"""We need:
1‚É£doses to be shared right now through #COVAX
2‚É£COVAX to be fully financed, to ensure a diverse portfolio‚Ä¶ https://t.co/a82xPatO0X",1400053288700104705,140,2021-06-02 11:34:50,Twitter Web App,117,31,1
"""At the #WHA74 last week, I called for a massive global effort to vaccinate at least 10% of the population of every‚Ä¶ https://t.co/z0iJGsozsI",1400052717217779714,140,2021-06-02 11:32:34,Twitter Web App,48,24,-1
"""But of the 1.8 billion #COVID19 vaccines administered globally, just 0.4% have been administered in low-income cou‚Ä¶ https://t.co/6N2TbFWLCb",1400052422458982401,140,2021-06-02 11:31:23,Twitter Web App,45,22,0
"""A year ago, #COVAX began as a groundbreaking global partnership, pooling risk and driving equity. So far, we have‚Ä¶ https://t.co/JgLW1upZf0",1400052213737742337,139,2021-06-02 11:30:34,Twitter Web App,24,14,1
"""I would like to thank #Japan and Prime Minister @sugawitter for hosting the #COVAX AMC summit. Arigato gozaimasu.‚Ä¶ https://t.co/8idyMT0jsI",1400052031801413633,139,2021-06-02 11:29:50,Twitter Web App,51,20,0
"LIVE with @DrTedros at the @gavi #COVAX AMC Summit ‚¨áÔ∏è
#VaccinEquity https://t.co/oVjuqoyAp8",1400051242542448642,91,2021-06-02 11:26:42,Twitter Web App,295,80,1
"When started at the soonest possible time, kangaroo mother care can save even more lives, improve health outcomes f‚Ä¶ https://t.co/cyS8i8FkAZ",1400048217635667971,140,2021-06-02 11:14:41,Twitter Web App,293,60,1
"Holding a baby skin-to-skin and exclusive breastfeeding ü§± meet their needs for:

‚úÖ warmth
‚úÖ nutrition
‚úÖ stimulation‚Ä¶ https://t.co/Xwqrpkf57v",1400014151729258499,140,2021-06-02 08:59:19,Twitter Web App,362,78,0
"The WHO Executive Board is composed of 34 members, each appointed for a three-year term. Members of the Board are n‚Ä¶ https://t.co/gyFuE9r1xK",1399998423626047490,140,2021-06-02 07:56:49,Twitter for iPhone,88,23,0
"The 149th session of the Executive Board #EB149 will start today.

Follow LIVE and more information here ‚¨áÔ∏è https://t.co/CiCmwibyAZ",1399993138668789760,131,2021-06-02 07:35:49,Twitter for iPhone,238,64,1
"Starting kangaroo mother care immediately after birth has the potential to save up to 150,000 more lives each year,‚Ä¶ https://t.co/N9BlXTsz86",1399985814893903874,140,2021-06-02 07:06:43,Twitter Web App,256,65,1
RT @DrTedros: Today is #ParentsDay - a day for many of us to reflect on what matters the most - the new lives we brought into the world. It‚Ä¶,1399841862320640000,140,2021-06-01 21:34:42,Twitter Web App,0,192,1
"RT @DrTedros: We know the way to end the #COVID19 pandemic quickly; the question is, do we have the will?
Huge thanks to @KGeorgieva, @NOIw‚Ä¶",1399815379984302080,140,2021-06-01 19:49:28,Twitter for iPhone,0,65,1
RT @DrTedros: Zugang zur #COVID19-Impfung ist der Schl√ºssel zur Beendigung der Gesundheitskrise &amp; grundlegender globaler Erholung. Vor dem‚Ä¶,1399815356462546944,143,2021-06-01 19:49:22,Twitter for iPhone,0,24,0
"üíìGive blood &amp; keep the world beating
üíìGive blood &amp; keep the world beating
üíìGive blood &amp; keep the world beating
üíìGiv‚Ä¶ https://t.co/Ew9UwIy7vL",1399797898477441025,152,2021-06-01 18:40:00,Twitter Web App,572,204,0
"WHO has already listed the Pfizer/BioNTech, Astrazeneca-SK Bio, Serum Institute of India, Astra Zeneca EU, Janssen,‚Ä¶ https://t.co/Ts7oCHgDV7",1399775789097291777,140,2021-06-01 17:12:09,Twitter Web App,188,106,0
"The Emergency Use Listing assesses the quality, safety and efficacy of #COVID19 vaccines, as well as risk managemen‚Ä¶ https://t.co/2OkRHyhXET",1399775786589208579,140,2021-06-01 17:12:08,Twitter Web App,151,69,0
WHO‚Äôs Emergency Use Listing is a prerequisite for #COVAX Facility vaccine supply and international procurement. It‚Ä¶ https://t.co/l2fLb0ZPLi,1399775784244555781,139,2021-06-01 17:12:08,Twitter Web App,53,36,0
"WHO today validated the Sinovac-CoronaVac #COVID19 vaccine for emergency use, giving countries, funders, procuring‚Ä¶ https://t.co/lC9mzcMTZd",1399772284030685193,139,2021-06-01 16:58:13,Twitter Web App,1056,617,0
"#COVID19 vaccine doses need to be donated immediately to developing countries, synchronized with national vaccine d‚Ä¶ https://t.co/18kn61PSCK",1399757270368636929,140,2021-06-01 15:58:34,Twitter Web App,97,39,0
Call to action by this quadrilateral grouping comes at a perilous point in the pandemic and as the historic #WHA74‚Ä¶ https://t.co/1LnZcUTuSj,1399757268837601284,139,2021-06-01 15:58:33,Twitter Web App,68,21,1
".@DrTedros, @KGeorgieva, @NOIweala &amp; @DavidMalpassWBG call for $50B investment to generate $9T in global economic r‚Ä¶ https://t.co/OQ61lSaDKL",1399757267390668807,144,2021-06-01 15:58:33,Twitter Web App,25,14,1
"üÜï $50 billion health, trade and finance roadmap to end the #COVID19 pandemic and secure a global recovery üëá‚Ä¶ https://t.co/ZdB3bqPeSI",1399755671298580482,132,2021-06-01 15:52:12,Twitter Web App,69,20,1
"""Thank you @DavidMalpassWBG, and again to all the speakers who together have laid out a comprehensive new health, t‚Ä¶ https://t.co/26oKm2Xmie",1399751454039101448,140,2021-06-01 15:35:27,Twitter Web App,72,21,1
"""Thank you, @NOIweala for fighting #COVID19 since the beginning in a variety of roles. I appreciate that the @wto i‚Ä¶ https://t.co/LCKw7BoXaM",1399750989901598723,140,2021-06-01 15:33:36,Twitter Web App,89,26,0
"""I‚Äôm glad today to be joined today by @KGeorgieva, the Managing Director of the @IMFNews. I couldn‚Äôt agree more tha‚Ä¶ https://t.co/qUGs7hh6T0",1399750434311520264,140,2021-06-01 15:31:24,Twitter Web App,36,12,1
"""Through public health measures &amp; üíâ we have the means to end the #COVID19 pandemic quickly &amp; save countless lives &amp;‚Ä¶ https://t.co/7HFzjn2x9X",1399749997403443202,152,2021-06-01 15:29:40,Twitter Web App,45,20,1
"""As we said in our joint op-ed, along with other agreements and surge investment, it‚Äôs possible that we could reach‚Ä¶ https://t.co/syNiTXBKyN",1399749736647831552,140,2021-06-01 15:28:37,Twitter Web App,32,12,-1
"""Last week I called for all countries, companies and partners to work together to vaccinate at least 10% of the pop‚Ä¶ https://t.co/VxnwwwrWlG",1399749552798851073,140,2021-06-01 15:27:54,Twitter Web App,42,16,-1
"""As well as securing funds to roll out health tools equitably, now is the moment for leaders to share vaccine doses‚Ä¶ https://t.co/Vik1G2zZAP",1399749286498349061,140,2021-06-01 15:26:50,Twitter Web App,32,11,0
"""It should be a real game changer and as @G7 finance leaders meet in the üá¨üáß this week, followed by a heads of state‚Ä¶ https://t.co/zdz8VSuRwz",1399749283914686464,140,2021-06-01 15:26:50,Twitter Web App,21,10,-1
"""Furthermore, this new roadmap reflects the need to enhance countries readiness and capacity systems to utilise the‚Ä¶ https://t.co/RphmYfWrVU",1399748969840906242,140,2021-06-01 15:25:35,Twitter Web App,27,13,1
"""This would help us dramatically scale up the production of diagnostics, treatments, oxygen, medical equipment and‚Ä¶ https://t.co/YP14qv9eru",1399748531599155200,139,2021-06-01 15:23:50,Twitter Web App,36,17,0
"""We particularly welcome that in the proposal, the majority of the new funding would be made available quickly thro‚Ä¶ https://t.co/yxGqXA6qZk",1399748398081847298,140,2021-06-01 15:23:18,Twitter Web App,25,10,1
"""Overnight, I joined leaders from the @IMFNews, the @wto &amp; the @WorldBank in publishing an op-ed in many newspapers‚Ä¶ https://t.co/Y3febvafPq",1399748252401115140,144,2021-06-01 15:22:44,Twitter Web App,28,18,1
"""Furthermore, the easy storage requirements of CoronaVac make it very suitable for low-resource settings. It is now‚Ä¶ https://t.co/DUsQ4A2s2P",1399747752003842052,140,2021-06-01 15:20:44,Twitter Web App,122,86,1
"""Today, I‚Äôm happy to announce that the Sinovac-CoronaVac vaccine has been given WHO Emergency Use Listing after bei‚Ä¶ https://t.co/6n2ncjSUrO",1399747747507474439,140,2021-06-01 15:20:43,Twitter Web App,793,718,1
"""Fully financing #COVAX and @ACTAccelerator is key to ending the increasingly two-track pandemic and I thank the Go‚Ä¶ https://t.co/xy9FYvBBht",1399745889699250177,140,2021-06-01 15:13:20,Twitter Web App,62,22,0
"""Tomorrow, #COVAX, co-led by @gavi, @CEPIvaccines &amp; WHO, alongside key implementation partner @UNICEF, aims to rais‚Ä¶ https://t.co/EKzXuII1BX",1399745760909008898,144,2021-06-01 15:12:50,Twitter Web App,66,26,0
"""The consistent use of public health measures, in combination with equitable access to medical supplies, oxygen, te‚Ä¶ https://t.co/QjcE6Tu9Ur",1399745535918157833,140,2021-06-01 15:11:56,Twitter Web App,44,15,1
"""But there is still a lot of work to do to end the #COVID19 pandemic. While we‚Äôre encouraged that cases and deaths‚Ä¶ https://t.co/EAIQs7dhvE",1399745436819283969,139,2021-06-01 15:11:32,Twitter Web App,46,20,0
"""This will be a very important opportunity, for a new, truly representative, inclusive global compact to keep our h‚Ä¶ https://t.co/lHvsU8mDw0",1399745319198408707,140,2021-06-01 15:11:04,Twitter Web App,24,14,1
"""Member States also agreed to hold a WHO Special Session of the World Health Assembly in November to consider devel‚Ä¶ https://t.co/bKUJ5IPn3t",1399745214617694209,140,2021-06-01 15:10:39,Twitter Web App,23,11,1
"""And the three recent reviews of the international response to the #COVID19 pandemic reflected the need for a parad‚Ä¶ https://t.co/pDqEjOkOrg",1399745050825867276,140,2021-06-01 15:10:00,Twitter Web App,36,14,0
"""Yesterday, #WHA74 wrapped up a highly productive week of discussions &amp; decisions. It was conducted entirely virtua‚Ä¶ https://t.co/zFNNIeufbg",1399744938137563138,144,2021-06-01 15:09:33,Twitter Web App,38,14,1
"Media briefing on #COVID19 &amp; #VaccinEquity with @DrTedros, @KGeorgieva, @NOIweala &amp; @DavidMalpassWBG https://t.co/aQPJEMyAxB",1399743579531005955,132,2021-06-01 15:04:09,Periscope,780,273,0
Immediate kangaroo mother care - which involves skin-to-skin contact and exclusive breastfeeding - dramatically imp‚Ä¶ https://t.co/gYaf5tc0Db,1399732045329350661,140,2021-06-01 14:18:20,Twitter Web App,383,100,0
"Tune in today at 5PM CEST for our media briefing on #COVID19 and on scaling up #VaccinEquity with:

üë§ @IMFNews Mana‚Ä¶ https://t.co/dmp5osDrQY",1399723663176372227,140,2021-06-01 13:45:01,Twitter for iPhone,272,76,0
"Exercise helps kids with a lot of energy (and adults) to de-stress when we #StayAtHome.

Let your child choose the‚Ä¶ https://t.co/qPrgcxYDGo",1399712252639551494,139,2021-06-01 12:59:41,Twitter Web App,211,52,0
"RT @DrTedros: #COVID19 is deepening divergence in economic fortunes, with negative consequences for all. It need not be this way. Ahead of‚Ä¶",1399709078872637442,139,2021-06-01 12:47:04,Twitter Web App,0,53,-1
"Try taking 20 minutes doing something the kids choose ‚Äì like playing a game or reading - together with them.

No ph‚Ä¶ https://t.co/ndtKQspAoZ",1399697646630092801,140,2021-06-01 12:01:38,Twitter Web App,186,52,-1
"""#Australiaüá¶üá∫  is helping with the urgent need to scale up access, delivery &amp; production of [#COVID19] vaccines par‚Ä¶ https://t.co/I8OrfEmTF2",1399697238788653057,144,2021-06-01 12:00:01,Twitter Web App,74,18,0
"""This very moment, vaccination against #COVID19 is uneven around the world. So we all need to work together to step‚Ä¶ https://t.co/HSOzKZtdsJ",1399697207691993091,140,2021-06-01 11:59:54,Twitter Web App,90,18,0
"""Our world is at a pivotal moment... The [#COVID19] impact on our people &amp; our society has been truly profound. We‚Ä¶ https://t.co/MKLBwUV0Ou",1399697177031680000,143,2021-06-01 11:59:46,Twitter Web App,254,84,1
"Working from home with your children around?
Your kids are bored and want to play outside but they can't?

NOT EASY‚Ä¶ https://t.co/muNRZgj6mk",1399683896313266180,140,2021-06-01 11:07:00,Twitter Web App,1157,357,-1
"""#Azerbaijanüá¶üáø on behalf of the Non-Aligned Movement initiated a resolution of insuring equitable and universal acc‚Ä¶ https://t.co/LOAKSjBQ6h",1399668554769866755,140,2021-06-01 10:06:02,Twitter Web App,126,32,0
"""We strongly encourage developed countries and international donor organizations to support developing and, in part‚Ä¶ https://t.co/25V8ZUWLaf",1399668529394294785,140,2021-06-01 10:05:56,Twitter Web App,245,42,1
RT @DrTedros: Access to #COVID19 vaccination is key to both ending the health crisis &amp; driving a broad-based global recovery. Ahead of the‚Ä¶,1399633155880013826,143,2021-06-01 07:45:22,Twitter for iPhone,0,112,1
"#WHA74 adopted 30+ resolutions &amp; decisions in different areas of public health: diabetes, disabilities, ending viol‚Ä¶ https://t.co/yw8tnnjl6c",1399498119629447182,144,2021-05-31 22:48:47,Twitter for iPhone,104,34,0
90% of Member States responding to a WHO survey in early 2021 reported that #MentalHealth and psychosocial support‚Ä¶ https://t.co/DfVKER6nJR,1399498117431631872,139,2021-05-31 22:48:47,Twitter for iPhone,126,40,1
"During the pandemic, the number of countries with a functioning multisectoral #MentalHealth &amp; psychosocial support‚Ä¶ https://t.co/vB0PSfuXCM",1399498115871281158,143,2021-05-31 22:48:46,Twitter for iPhone,21,8,0
"#WHA74 endorsed the Comprehensive #MentalHealth Action Plan 2013-2030, incl the plan‚Äôs updated implementation optio‚Ä¶ https://t.co/EYZ11Jcyq8",1399498114155925505,140,2021-05-31 22:48:46,Twitter for iPhone,15,5,1
"RT @DrTedros: A #PandemicTreaty is a promise to future generations. This is a moment for exceptional leadership, for doing the unusual and‚Ä¶",1399466967048851456,139,2021-05-31 20:45:00,Twitter Web App,0,86,1
RT @DrTedros: That‚Äôs why the one recommendation that I believe will do most to strengthen both @WHO &amp; global health security is the recomme‚Ä¶,1399466949332156419,144,2021-05-31 20:44:56,Twitter Web App,0,33,1
"RT @DrTedros: One day the #COVID19 pandemic will be behind us, but the psychological scars will remain for those who have lost loved ones,‚Ä¶",1399466937130827776,139,2021-05-31 20:44:53,Twitter Web App,0,53,1
"RT @DrTedros: The tailored &amp; consistent use of public health measures, in combination with #VaccinEquity, remains the way out of the curren‚Ä¶",1399466930046656514,144,2021-05-31 20:44:51,Twitter Web App,0,26,1
RT @DrTedros: #WHA74 closed today. I thank all Member States for their constructive &amp; collaborative work to address a full agenda of pressi‚Ä¶,1399466912854298630,144,2021-05-31 20:44:47,Twitter Web App,0,83,1
WHO encourages countries and others to adopt these names as they will ease public discussions about global #COVID19‚Ä¶ https://t.co/Do0tZqbujs,1399438254018019328,140,2021-05-31 18:50:54,Twitter Web App,836,265,0
"The labels do not replace existing scientific names, which convey important scientific information &amp; will continue‚Ä¶ https://t.co/ZPXaqjDmjZ",1399436524341628933,143,2021-05-31 18:44:02,Twitter Web App,3042,816,1
Today WHO has announced a new naming system for key #COVID19 variants. The labels are based on the Greek alphabet (‚Ä¶ https://t.co/zVOZcMwl7U,1399432092333883393,140,2021-05-31 18:26:25,Twitter Web App,3609,1893,1
"With access to tools &amp; support services, tobacco users can double their chances of quitting successfully.

Follow t‚Ä¶ https://t.co/Pnl3D3PXaO",1399417549100654594,144,2021-05-31 17:28:38,Twitter Web App,118,38,1
"It is #WorldNoTobaccoDay!

Make today üóìÔ∏è your first tobacco-free day. 

Check out the thread below if you don't kno‚Ä¶ https://t.co/1p2I6JyuMw",1399412261635174401,140,2021-05-31 17:07:37,Twitter Web App,141,48,1
"#CommitToQuit campaign will help 1‚É£0‚É£0‚É£ million people quit tobacco through

‚úÖstrong tobacco cessation policies
‚úÖac‚Ä¶ https://t.co/Q06UmIrfb7",1399412061705277445,140,2021-05-31 17:06:49,Twitter Web App,126,42,1
"The resolution calls on Member States to provide WHO with sustainable financing, while continuing their response to‚Ä¶ https://t.co/68xlooWTyx",1399407291745570816,140,2021-05-31 16:47:52,Twitter for iPhone,92,21,0
#WHA74 also agreed on a resolution reaffirming WHO‚Äôs role as the directing and coordinating authority in health dur‚Ä¶ https://t.co/qBaCCPc6bL,1399406963486867456,140,2021-05-31 16:46:34,Twitter Web App,116,27,0
"#WHA74 today agreed to meet again in November, at a special session of the World Health Assembly, to consider devel‚Ä¶ https://t.co/neEZb0yct1",1399406684536283141,140,2021-05-31 16:45:27,Twitter Web App,474,137,1
"Quitting tobacco improves lung function and reduces coughing and shortness of breath.
¬†
#CommitToQuit¬†tobacco &amp; bre‚Ä¶ https://t.co/1q6DqIiuZX",1399403099689738245,144,2021-05-31 16:31:13,Twitter for iPhone,149,45,0
"""As the Bhutanese proverb goes: ‚ÄúIf you want to action great ideas, you need to apply the strength of a Himalayan m‚Ä¶ https://t.co/5XxX8o1D3C",1399369354429538307,140,2021-05-31 14:17:07,Twitter Web App,118,22,1
"""Madam President, you said in your opening address to the #WHA74 that leadership is hard to define and harder to fi‚Ä¶ https://t.co/piPGNVVJy8",1399369352684748805,140,2021-05-31 14:17:07,Twitter Web App,97,24,-1
"""We call on all Member States to enshrine the right to health in their constitutions, as indeed many have already d‚Ä¶ https://t.co/SlYXZCORjV",1399369210049044480,140,2021-05-31 14:16:33,Twitter Web App,36,13,1
"""The #COVID19 pandemic has taught us many lessons. Among the most important is that when health is at risk, everyth‚Ä¶ https://t.co/xZ028AcfaP",1399369208669081605,140,2021-05-31 14:16:33,Twitter Web App,48,18,1
"""That same commitment and willingness is needed now. Pandemics are a threat to all of us. So we must work together‚Ä¶ https://t.co/VWphVuTIBP",1399369059922231302,139,2021-05-31 14:15:57,Twitter Web App,28,6,0
"""You, our Member States, have demonstrated this week that with commitment, hard work and a willingness to compromis‚Ä¶ https://t.co/zvjjpnxMdR",1399368991089512459,140,2021-05-31 14:15:41,Twitter Web App,25,9,-1
"""We look forward to discussing this idea further with Member States at a Special Session of the World Health Assemb‚Ä¶ https://t.co/qTeFfVUFfy",1399368912194637827,140,2021-05-31 14:15:22,Twitter Web App,20,5,1
"""We appreciate the strong support expressed by dozens of Member States for the idea of a global agreement on pandem‚Ä¶ https://t.co/DkPkmXWO88",1399368827662700547,140,2021-05-31 14:15:02,Twitter Web App,30,11,1
"""There is no reason we can‚Äôt do both.

We must seize the moment. In the coming months and years, other crises will‚Ä¶ https://t.co/4uOcg1W5EP",1399368637048369157,139,2021-05-31 14:14:16,Twitter Web App,29,5,-1
"""Crucially, an international agreement of any kind must be designed and owned by all Member States ‚Äì all. It must b‚Ä¶ https://t.co/cSKFzSvaox",1399368433964400648,140,2021-05-31 14:13:28,Twitter Web App,30,5,1
"""A #PandemicTreaty is a promise to future generations; 

To sustained political and financial commitment""-@DrTedros‚Ä¶ https://t.co/FBMnPMT72S",1399368220650397698,140,2021-05-31 14:12:37,Twitter Web App,34,11,0
"""...
For peer review of national capacities
For research &amp; innovation
For early warning
For stockpiling &amp; productio‚Ä¶ https://t.co/OnSuAnmSiN",1399368051062198276,148,2021-05-31 14:11:57,Twitter Web App,29,5,1
"""A #PandemicTreaty would foster improved sharing, trust and accountability, and provide the solid foundation on whi‚Ä¶ https://t.co/HcCOs9QChY",1399367608613412866,140,2021-05-31 14:10:11,Twitter Web App,41,13,0
"""The defining characteristic of the #COVID19 pandemic is the lack of sharing: of data, information, pathogens, tech‚Ä¶ https://t.co/MBRCMp80jn",1399367190751715328,140,2021-05-31 14:08:31,Twitter Web App,66,21,-1
"""The safety of the üåç‚Äôs people cannot rely solely on the goodwill of governments. Every government is responsible fo‚Ä¶ https://t.co/Qa3WF9iJvL",1399367080638664704,140,2021-05-31 14:08:05,Twitter Web App,52,9,1
"""At present, pathogens have greater power than WHO. 

They are emerging more frequently in a planet out of balance.‚Ä¶ https://t.co/oMHVegsfxx",1399366798676574221,140,2021-05-31 14:06:58,Twitter Web App,38,9,1
"""We need a generational commitment that:
-outlives budgetary cycles, election cycles &amp; media cycles
-creates an ove‚Ä¶ https://t.co/wZQ6pFtSeT",1399366544686211075,144,2021-05-31 14:05:57,Twitter Web App,92,22,0
"""Strengthening WHO certainly means strengthening the Secretariat, but also strengthening the bond between Member St‚Ä¶ https://t.co/m0ZKmabDeO",1399366036588277764,140,2021-05-31 14:03:56,Twitter Web App,90,28,1
"""The questions the #COVID19 pandemic is asking us cannot simply be answered with new institutions, mechanisms, faci‚Ä¶ https://t.co/OlySCCpIHt",1399365700943241216,140,2021-05-31 14:02:36,Twitter Web App,38,11,1
"""And we will still face the same vulnerabilities that allowed a small outbreak to become a global pandemic""-‚Ä¶ https://t.co/R9OijB3ADQ",1399365564859027461,133,2021-05-31 14:02:04,Twitter Web App,43,17,-1
"""One day the #COVID19 pandemic will be behind us, but the psychological scars will remain for those who have lost l‚Ä¶ https://t.co/P3LIL6NNpS",1399365397070192642,140,2021-05-31 14:01:24,Twitter Web App,61,24,-1
"""I urge all Member States to commit to supporting the targets I set out on Monday, to achieve vaccination of at lea‚Ä¶ https://t.co/dZg7OeaFwf",1399365077342490624,140,2021-05-31 14:00:08,Twitter Web App,34,13,1
"""The tailored and consistent use of public health measures, in combination with #VaccinEquity, remains the way out""‚Ä¶ https://t.co/1VBBaEd4kO",1399365075773841412,140,2021-05-31 14:00:07,Twitter Web App,27,10,1
"""We‚Äôre very encouraged that cases and deaths are continuing to decline globally, but it would be a monumental error‚Ä¶ https://t.co/obPrQ6JfhM",1399364707857883146,140,2021-05-31 13:58:39,Twitter Web App,38,11,1
"""The theme of this #WHA74 is, ‚ÄúEnding this pandemic, preventing the next one.‚Äù The reality is, we still have a lot‚Ä¶ https://t.co/RGcvmWsa6c",1399364706448588801,139,2021-05-31 13:58:39,Twitter Web App,35,9,0
"""In the medium-term, I ask that you fully fund the next Programme Budget.

In the short-term, I ask you to fill the‚Ä¶ https://t.co/1hC0yq8OkU",1399364376138821636,140,2021-05-31 13:57:20,Twitter Web App,23,4,0
"""I also thank Member States for approving the planned Programme Budget for 2022-2023. For the long-term strengtheni‚Ä¶ https://t.co/0seZlPfdOk",1399364374653980686,140,2021-05-31 13:57:20,Twitter Web App,22,3,-1
"""We look forward to its final report to the Executive Board in January""-@DrTedros #WHA74 

https://t.co/DrYA43U1Ei",1399363780123975682,114,2021-05-31 13:54:58,Twitter Web App,13,3,0
"""2‚É£ we have a way forward. I thank the Working Group on Sustainable Finance for its work so far, and for its encour‚Ä¶ https://t.co/0h2ilWPOW0",1399363674943459336,140,2021-05-31 13:54:33,Twitter Web App,28,7,1
"""1‚É£ the message that a strong WHO needs to be properly financed has been amplified by all the expert reviews that r‚Ä¶ https://t.co/wU7Uc4kEtS",1399363672967950336,140,2021-05-31 13:54:33,Twitter Web App,20,7,1
"""This is not a new issue. More sustainable financing has been one of my priorities as part of the WHO Transformatio‚Ä¶ https://t.co/egSBirWSOh",1399363292276080647,140,2021-05-31 13:53:02,Twitter Web App,25,6,1
"""It all has to be funded. We cannot pay people with praise.

And WHO cannot grow stronger without sustainable finan‚Ä¶ https://t.co/DyTEDQ02MZ",1399363123627372545,140,2021-05-31 13:52:22,Twitter Web App,29,10,0
"""Last week you heard about WHO‚Äôs co-ordination in country, the technical support and guidance we provide, the capac‚Ä¶ https://t.co/PMHGAmlT77",1399363036213809156,140,2021-05-31 13:52:01,Twitter Web App,23,7,0
"""Even in the midst of this pandemic, we face a serious challenge to maintain WHO‚Äôs response to #COVID19 at its curr‚Ä¶ https://t.co/2O4v5rysQc",1399363034804637698,140,2021-05-31 13:52:01,Twitter Web App,13,4,-1
"""But the reality of our funding model is that many of these expert colleagues are on short-term contracts, and even‚Ä¶ https://t.co/1WZZOI861b",1399363033445642249,140,2021-05-31 13:52:00,Twitter Web App,7,3,1
"""Throughout this #WHA74, many Member States have spoken about their reliance on WHO experts at all levels for techn‚Ä¶ https://t.co/7OKwFyOOeN",1399363032002830336,140,2021-05-31 13:52:00,Twitter Web App,7,4,1
"""As the reports all say and many Member States have emphasised, a paradigm shift in the quantity and quality of fun‚Ä¶ https://t.co/96ReJB1nIf",1399362683141607433,140,2021-05-31 13:50:37,Twitter Web App,37,6,1
"""There are many recommendations in each of the reports about how to achieve that, and many of these recommendations‚Ä¶ https://t.co/MTYPA0nXci",1399362606612324360,140,2021-05-31 13:50:18,Twitter Web App,48,8,1
"""The reports of @TheIndPanel, the IHR Review Committee and the IOAC are unanimous in their view that the world need‚Ä¶ https://t.co/mK56EXnznd",1399362605198856197,140,2021-05-31 13:50:18,Twitter Web App,20,6,0
"""And this morning you approved a historic resolution on strengthening WHO preparedness and response for emergencies‚Ä¶ https://t.co/61ntAkbJKR",1399362407185760258,140,2021-05-31 13:49:31,Twitter Web App,37,12,0
"""You've adopted 30+ resolutions &amp; decisions on diabetes
disabilities
ending violence against üë∂
üëÅ care
HIV
hepatitis‚Ä¶ https://t.co/HxBJZRjyKD",1399362222577573888,144,2021-05-31 13:48:47,Twitter Web App,36,6,0
"""I know that the past week is the culmination of months of work for many colleagues ‚Äì Member States and Secretariat‚Ä¶ https://t.co/Wr5sdwTVLW",1399362221046648832,140,2021-05-31 13:48:47,Twitter Web App,25,3,1
"""And I would like to thank all Member States for the constructive and collaborative way that you have worked this w‚Ä¶ https://t.co/nZajcFRqMb",1399361411869036546,140,2021-05-31 13:45:34,Twitter Web App,46,12,0
"""I would also like to thank the Chair of Committee A, Dr Adriana Amarilla of #Paraguay, and the Chair of Committee‚Ä¶ https://t.co/J7t1mzMP7o",1399361288619315200,139,2021-05-31 13:45:04,Twitter Web App,53,12,0
"""First of all, I would like to thank Your Excellency Dasho Dechen Wangmo for your leadership this week as President‚Ä¶ https://t.co/sWn8NzZkIr",1399360970384945158,140,2021-05-31 13:43:48,Twitter Web App,47,11,1
"Non-smokers exposed to second-hand smoke are at higher risk of developing oral and lung cancer.

#CommitToQuit for‚Ä¶ https://t.co/rp3NIFzkn1",1399355739702009859,139,2021-05-31 13:23:01,Twitter Web App,209,74,1
Closing of the #WHA74 with @DrTedros https://t.co/sKrAOaiJRD,1399337927876878344,60,2021-05-31 12:12:15,Periscope,736,211,0
"Switching is not quitting!

Vaping, shisha and heated tobacco products are harmful to your health.

#CommitToQuit t‚Ä¶ https://t.co/9xsbHu4REK",1399337760805249033,140,2021-05-31 12:11:35,Twitter Web App,250,94,0
RT @DrTedros: Very pleased to award @UniofBath Tobacco Control Research Group with the special recognition for tobacco control for their ef‚Ä¶,1399333766984835079,140,2021-05-31 11:55:43,Twitter Web App,0,57,1
"RT @DrTedros: Today #WHA74 approved:
‚úÖ Resolution on Strengthening @WHO preparedness for &amp; response to health emergencies
‚úÖ Decision on Spe‚Ä¶",1399333758621437953,144,2021-05-31 11:55:41,Twitter Web App,0,161,0
Smoking impairs lung function making it harder to fight off coronaviruses. This puts smokers at greater risk of dev‚Ä¶ https://t.co/LhPazfmFFB,1399328045488553992,140,2021-05-31 11:32:58,Twitter Web App,253,92,1
"Smokers burn through an average of USD1.4 million in personal costs,  including cigarettes &amp; medical costs.

Tobacc‚Ä¶ https://t.co/6k4cKtFIF4",1399321482866659328,144,2021-05-31 11:06:54,Twitter Web App,201,65,-1
"RT @DrTedros: Pleased to award @drharshvardhan, üáÆüá≥ Health Minister, with the special recognition for tobacco control. His leadership was in‚Ä¶",1399313131336310784,140,2021-05-31 10:33:43,Twitter Web App,0,496,1
"Smoking prematurely ages the skin by wearing away proteins that give the skin elasticity. 

Sign the pledge &amp;‚Ä¶ https://t.co/tjw0zHAQNG",1399312102209241088,138,2021-05-31 10:29:37,Twitter Web App,235,98,0
"Cigarette butts are among the most commonly discarded pieces of plastic waste globally.

#CommitToQuit -  save your‚Ä¶ https://t.co/aAm49x0ohB",1399307350838755331,140,2021-05-31 10:10:44,Twitter Web App,287,122,0
"Tobacco causes

ü§¢ teeth to yellow
ü§¢ excess dental plaque
ü§¢ bad breath

Using tobacco negatively affects your social‚Ä¶ https://t.co/eZ8xxOkxfV",1399299310542524420,140,2021-05-31 09:38:48,Twitter Web App,175,67,-1
"Smokers face a 40‚Äì50% higher risk of developing severe disease and death from #COVID19 and the pandemic.

More info‚Ä¶ https://t.co/IKWDUTf9Sb",1399294846582599680,140,2021-05-31 09:21:03,Twitter Web App,220,110,1
"RT @DrTedros: To help people to #CommitToQuit, @WHO developed a wide range of digital tools:
- @WhatsApp, @Messenger, @Viber chatbot two we‚Ä¶",1399282802479206404,140,2021-05-31 08:33:12,Twitter Web App,0,69,0
"RT @DrTedros: This #WorldNoTobaccoDay, we urge all countries to join the @WHO campaign and create tobacco-free environments that give peopl‚Ä¶",1399282790894555136,140,2021-05-31 08:33:09,Twitter Web App,0,42,1
RT @DrTedros: It's #WorldNoTobaccoDay! Smokers have up to a 50% higher risk of developing severe #COVID19 &amp; dying from it. Quitting is the‚Ä¶,1399282779976867841,143,2021-05-31 08:33:06,Twitter Web App,0,265,1
"Every year, over 8‚É£ million people die from tobacco.

There is no better time to quit üö≠. Sign the pledge and‚Ä¶ https://t.co/Qwg0ufMZjK",1399281374847250433,133,2021-05-31 08:27:31,Twitter Web App,297,114,-1
"Day 7 of the 74th World Health Assembly #WHA74 has just started.

Follow the discussions LIVE here ‚¨áÔ∏è https://t.co/3GJsOy28xG",1399277415021649927,125,2021-05-31 08:11:47,Twitter Web App,248,68,1
Learn about how to build laboratory testing capacity for tobacco product regulation in this free online course on‚Ä¶ https://t.co/VJaLINfXap,1399276012253454341,138,2021-05-31 08:06:13,Twitter Web App,89,24,1
RT @DrTedros: It's high time to invest in health workforce &amp; fix the shortage of nurses &amp; midwives around the üåç. They're incredible people‚Ä¶,1399272716751015937,147,2021-05-31 07:53:07,Twitter Web App,0,316,1
"The 74th World Health Assembly will be back today from 10h00 CEST.

Today‚Äôs programme and recap from Saturday‚Ä¶ https://t.co/fPZDTmxzWa",1399262515037671425,134,2021-05-31 07:12:35,Twitter for iPhone,218,56,0
"Today is #WorldNoTobaccoDay! üö≠

The #COVID19 pandemic has led to millions of tobacco users saying they want to quit‚Ä¶ https://t.co/LO5VcQ7ulc",1399127392669609986,140,2021-05-30 22:15:39,Twitter Web App,2919,1418,0
"Why and how to navigate the 3 C‚Äôs: crowded places, closed spaces and close contact with others to avoid #COVID19 in‚Ä¶ https://t.co/4QjfQDLPzX",1399041335605313536,140,2021-05-30 16:33:41,Twitter Media Studio,436,149,-1
